,pick,pick-perc,win,win-perc,leader,leader-perc,first,first-perc,last,last-perc,banned,banned-perc,1p-win,5p-win,1p-win-perc,5p-win-perc
Fairy,0,0.0,0,0.0,0,0.0,0,0.0,0,0.0,0,0.0,0,0,0.0,0.0
Elucia,24,14.37125748502994,10,41.66666666666667,8,36.36363636363637,0,0.0,4,16.666666666666664,0,0.0,0,2,0.0,50.0
Iselia,1,0.662251655629139,0,0.0,0,0.0,0,0.0,0,0.0,0,0.0,0,0,0.0,0.0
Aeilene,0,0.0,0,0.0,0,0.0,0,0.0,0,0.0,0,0.0,0,0,0.0,0.0
Neal,0,0.0,0,0.0,0,0.0,0,0.0,0,0.0,0,0.0,0,0,0.0,0.0
Sorin,0,0.0,0,0.0,0,0.0,0,0.0,0,0.0,0,0.0,0,0,0.0,0.0
Imp,0,0.0,0,0.0,0,0.0,0,0.0,0,0.0,0,0.0,0,0,0.0,0.0
Fynn,0,0.0,0,0.0,0,0.0,0,0.0,0,0.0,0,0.0,0,0,0.0,0.0
Cogma,0,0.0,0,0.0,0,0.0,0,0.0,0,0.0,0,0.0,0,0,0.0,0.0
Ralph,0,0.0,0,0.0,0,0.0,0,0.0,0,0.0,0,0.0,0,0,0.0,0.0
Taru,6,3.7037037037037033,3,50.0,0,0.0,0,0.0,0,0.0,1,33.33333333333333,0,0,0.0,0.0
Garok,0,0.0,0,0.0,0,0.0,0,0.0,0,0.0,0,0.0,0,0,0.0,0.0
Pixie,0,0.0,0,0.0,0,0.0,0,0.0,0,0.0,0,0.0,0,0,0.0,0.0
Kacey,0,0.0,0,0.0,0,0.0,0,0.0,0,0.0,0,0.0,0,0,0.0,0.0
Tatu,0,0.0,0,0.0,0,0.0,0,0.0,0,0.0,0,0.0,0,0,0.0,0.0
Shannon,5,10.0,2,40.0,0,0.0,0,0.0,1,20.0,0,0.0,0,0,0.0,0.0
Cheryl,0,0.0,0,0.0,0,0.0,0,0.0,0,0.0,0,0.0,0,0,0.0,0.0
Camaryn,0,0.0,0,0.0,0,0.0,0,0.0,0,0.0,0,0.0,0,0,0.0,0.0
Yeti,0,0.0,0,0.0,0,0.0,0,0.0,0,0.0,0,0.0,0,0,0.0,0.0
Kunda,0,0.0,0,0.0,0,0.0,0,0.0,0,0.0,0,0.0,0,0,0.0,0.0
Tantra,0,0.0,0,0.0,0,0.0,0,0.0,0,0.0,0,0.0,0,0,0.0,0.0
Rakaja,0,0.0,0,0.0,0,0.0,0,0.0,0,0.0,0,0.0,0,0,0.0,0.0
Arkajan,0,0.0,0,0.0,0,0.0,0,0.0,0,0.0,0,0.0,0,0,0.0,0.0
Kumae,0,0.0,0,0.0,0,0.0,0,0.0,0,0.0,0,0.0,0,0,0.0,0.0
Harpy,0,0.0,0,0.0,0,0.0,0,0.0,0,0.0,0,0.0,0,0,0.0,0.0
Ramira,0,0.0,0,0.0,0,0.0,0,0.0,0,0.0,0,0.0,0,0,0.0,0.0
Lucasha,0,0.0,0,0.0,0,0.0,0,0.0,0,0.0,0,0.0,0,0,0.0,0.0
Prilea,0,0.0,0,0.0,0,0.0,0,0.0,0,0.0,0,0.0,0,0,0.0,0.0
Kabilla,1,1.44927536231884,0,0.0,0,0.0,0,0.0,1,100.0,0,0.0,0,0,0.0,0.0
Hellea,0,0.0,0,0.0,0,0.0,0,0.0,0,0.0,0,0.0,0,0,0.0,0.0
Hellhound,0,0.0,0,0.0,0,0.0,0,0.0,0,0.0,0,0.0,0,0,0.0,0.0
Tarq,0,0.0,0,0.0,0,0.0,0,0.0,0,0.0,0,0.0,0,0,0.0,0.0
Sieq,0,0.0,0,0.0,0,0.0,0,0.0,0,0.0,0,0.0,0,0,0.0,0.0
Gamir,0,0.0,0,0.0,0,0.0,0,0.0,0,0.0,0,0.0,0,0,0.0,0.0
Shamar,0,0.0,0,0.0,0,0.0,0,0.0,0,0.0,0,0.0,0,0,0.0,0.0
Shumar,0,0.0,0,0.0,0,0.0,0,0.0,0,0.0,0,0.0,0,0,0.0,0.0
Warbear,0,0.0,0,0.0,0,0.0,0,0.0,0,0.0,0,0.0,0,0,0.0,0.0
Dagora,0,0.0,0,0.0,0,0.0,0,0.0,0,0.0,0,0.0,0,0,0.0,0.0
Ursha,3,2.1897810218978098,1,33.33333333333333,0,0.0,0,0.0,2,66.66666666666666,0,0.0,0,0,0.0,0.0
Ramagos,0,0.0,0,0.0,0,0.0,0,0.0,0,0.0,0,0.0,0,0,0.0,0.0
Lusha,0,0.0,0,0.0,0,0.0,0,0.0,0,0.0,0,0.0,0,0,0.0,0.0
Gorgo,0,0.0,0,0.0,0,0.0,0,0.0,0,0.0,0,0.0,0,0,0.0,0.0
Elemental,0,0.0,0,0.0,0,0.0,0,0.0,0,0.0,0,0.0,0,0,0.0,0.0
Daharenos,0,0.0,0,0.0,0,0.0,0,0.0,0,0.0,0,0.0,0,0,0.0,0.0
Bremis,0,0.0,0,0.0,0,0.0,0,0.0,0,0.0,0,0.0,0,0,0.0,0.0
Taharus,0,0.0,0,0.0,0,0.0,0,0.0,0,0.0,0,0.0,0,0,0.0,0.0
Priz,0,0.0,0,0.0,0,0.0,0,0.0,0,0.0,0,0.0,0,0,0.0,0.0
Camules,0,0.0,0,0.0,0,0.0,0,0.0,0,0.0,0,0.0,0,0,0.0,0.0
Garuda,0,0.0,0,0.0,0,0.0,0,0.0,0,0.0,0,0.0,0,0,0.0,0.0
Konamiya,26,15.757575757575756,15,57.692307692307686,0,0.0,0,0.0,5,19.230769230769234,4,15.384615384615385,0,3,0.0,60.0
Cahule,0,0.0,0,0.0,0,0.0,0,0.0,0,0.0,0,0.0,0,0,0.0,0.0
Lindermen,0,0.0,0,0.0,0,0.0,0,0.0,0,0.0,0,0.0,0,0,0.0,0.0
Teon,12,7.692307692307692,6,50.0,0,0.0,0,0.0,0,0.0,0,0.0,0,0,0.0,0.0
Rizak,0,0.0,0,0.0,0,0.0,0,0.0,0,0.0,0,0.0,0,0,0.0,0.0
Inugami,0,0.0,0,0.0,0,0.0,0,0.0,0,0.0,0,0.0,0,0,0.0,0.0
Icaru,0,0.0,0,0.0,0,0.0,0,0.0,0,0.0,0,0.0,0,0,0.0,0.0
Raoq,9,6.293706293706294,6,66.66666666666666,0,0.0,0,0.0,3,33.33333333333333,0,0.0,0,2,0.0,66.66666666666666
Ramahan,3,2.6315789473684212,3,100.0,2,66.66666666666666,0,0.0,0,0.0,1,100.0,0,0,0.0,0.0
Belladeon,2,1.351351351351351,0,0.0,0,0.0,0,0.0,0,0.0,0,0.0,0,0,0.0,0.0
Kro,0,0.0,0,0.0,0,0.0,0,0.0,0,0.0,0,0.0,0,0,0.0,0.0
Salamander,0,0.0,0,0.0,0,0.0,0,0.0,0,0.0,0,0.0,0,0,0.0,0.0
Kaimann,0,0.0,0,0.0,0,0.0,0,0.0,0,0.0,0,0.0,0,0,0.0,0.0
Krakdon,0,0.0,0,0.0,0,0.0,0,0.0,0,0.0,0,0.0,0,0,0.0,0.0
Lukan,0,0.0,0,0.0,0,0.0,0,0.0,0,0.0,0,0.0,0,0,0.0,0.0
Sharman,0,0.0,0,0.0,0,0.0,0,0.0,0,0.0,0,0.0,0,0,0.0,0.0
Decamaron,0,0.0,0,0.0,0,0.0,0,0.0,0,0.0,0,0.0,0,0,0.0,0.0
Nine-tailedFox,0,0.0,0,0.0,0,0.0,0,0.0,0,0.0,0,0.0,0,0,0.0,0.0
Soha,0,0.0,0,0.0,0,0.0,0,0.0,0,0.0,0,0.0,0,0,0.0,0.0
Shihwa,0,0.0,0,0.0,0,0.0,0,0.0,0,0.0,0,0.0,0,0,0.0,0.0
Arang,0,0.0,0,0.0,0,0.0,0,0.0,0,0.0,0,0.0,0,0,0.0,0.0
Chamie,0,0.0,0,0.0,0,0.0,0,0.0,0,0.0,0,0.0,0,0,0.0,0.0
Kamiya,0,0.0,0,0.0,0,0.0,0,0.0,0,0.0,0,0.0,0,0,0.0,0.0
Serpent,0,0.0,0,0.0,0,0.0,0,0.0,0,0.0,0,0.0,0,0,0.0,0.0
Shailoq,0,0.0,0,0.0,0,0.0,0,0.0,0,0.0,0,0.0,0,0,0.0,0.0
Fao,0,0.0,0,0.0,0,0.0,0,0.0,0,0.0,0,0.0,0,0,0.0,0.0
Ermeda,0,0.0,0,0.0,0,0.0,0,0.0,0,0.0,0,0.0,0,0,0.0,0.0
Elpuria,0,0.0,0,0.0,0,0.0,0,0.0,0,0.0,0,0.0,0,0,0.0,0.0
Mantura,0,0.0,0,0.0,0,0.0,0,0.0,0,0.0,0,0.0,0,0,0.0,0.0
Golem,0,0.0,0,0.0,0,0.0,0,0.0,0,0.0,0,0.0,0,0,0.0,0.0
Kuhn,0,0.0,0,0.0,0,0.0,0,0.0,0,0.0,0,0.0,0,0,0.0,0.0
Kugo,0,0.0,0,0.0,0,0.0,0,0.0,0,0.0,0,0.0,0,0,0.0,0.0
Ragion,0,0.0,0,0.0,0,0.0,0,0.0,0,0.0,0,0.0,0,0,0.0,0.0
Groggo,0,0.0,0,0.0,0,0.0,0,0.0,0,0.0,0,0.0,0,0,0.0,0.0
Maggi,0,0.0,0,0.0,0,0.0,0,0.0,0,0.0,0,0.0,0,0,0.0,0.0
Griffon,0,0.0,0,0.0,0,0.0,0,0.0,0,0.0,0,0.0,0,0,0.0,0.0
Kahn,1,0.6666666666666661,0,0.0,0,0.0,0,0.0,1,100.0,0,0.0,0,0,0.0,0.0
Spectra,0,0.0,0,0.0,0,0.0,0,0.0,0,0.0,0,0.0,0,0,0.0,0.0
Bernard,3,1.840490797546012,1,33.33333333333333,0,0.0,0,0.0,1,33.33333333333333,1,50.0,0,1,0.0,100.0
Shamann,0,0.0,0,0.0,0,0.0,0,0.0,0,0.0,0,0.0,0,0,0.0,0.0
Varus,0,0.0,0,0.0,0,0.0,0,0.0,0,0.0,0,0.0,0,0,0.0,0.0
Undine,0,0.0,0,0.0,0,0.0,0,0.0,0,0.0,0,0.0,0,0,0.0,0.0
Mikene,0,0.0,0,0.0,0,0.0,0,0.0,0,0.0,0,0.0,0,0,0.0,0.0
Atenai,0,0.0,0,0.0,0,0.0,0,0.0,0,0.0,0,0.0,0,0,0.0,0.0
Delphoi,0,0.0,0,0.0,0,0.0,0,0.0,0,0.0,0,0.0,0,0,0.0,0.0
Icasha,0,0.0,0,0.0,0,0.0,0,0.0,0,0.0,0,0.0,0,0,0.0,0.0
Tilasha,0,0.0,0,0.0,0,0.0,0,0.0,0,0.0,0,0.0,0,0,0.0,0.0
Inferno,0,0.0,0,0.0,0,0.0,0,0.0,0,0.0,0,0.0,0,0,0.0,0.0
Purian,0,0.0,0,0.0,0,0.0,0,0.0,0,0.0,0,0.0,0,0,0.0,0.0
Tagaros,0,0.0,0,0.0,0,0.0,0,0.0,0,0.0,0,0.0,0,0,0.0,0.0
Anduril,0,0.0,0,0.0,0,0.0,0,0.0,0,0.0,0,0.0,0,0,0.0,0.0
Eludain,0,0.0,0,0.0,0,0.0,0,0.0,0,0.0,0,0.0,0,0,0.0,0.0
Drogan,0,0.0,0,0.0,0,0.0,0,0.0,0,0.0,0,0.0,0,0,0.0,0.0
Sylph,0,0.0,0,0.0,0,0.0,0,0.0,0,0.0,0,0.0,0,0,0.0,0.0
Tyron,1,1.428571428571428,1,100.0,1,100.0,0,0.0,0,0.0,0,0.0,0,0,0.0,0.0
Baretta,0,0.0,0,0.0,0,0.0,0,0.0,0,0.0,0,0.0,0,0,0.0,0.0
Shimitae,25,17.123287671232877,7,28.000000000000004,16,66.66666666666666,4,16.0,4,16.0,1,4.761904761904762,0,1,0.0,25.0
Eredas,0,0.0,0,0.0,0,0.0,0,0.0,0,0.0,0,0.0,0,0,0.0,0.0
Aschubel,0,0.0,0,0.0,0,0.0,0,0.0,0,0.0,0,0.0,0,0,0.0,0.0
Sylphid,0,0.0,0,0.0,0,0.0,0,0.0,0,0.0,0,0.0,0,0,0.0,0.0
Lumirecia,0,0.0,0,0.0,0,0.0,0,0.0,0,0.0,0,0.0,0,0,0.0,0.0
Fria,0,0.0,0,0.0,0,0.0,0,0.0,0,0.0,0,0.0,0,0,0.0,0.0
Acasis,0,0.0,0,0.0,0,0.0,0,0.0,0,0.0,0,0.0,0,0,0.0,0.0
Mihael,0,0.0,0,0.0,0,0.0,0,0.0,0,0.0,0,0.0,0,0,0.0,0.0
Icares,10,6.289308176100629,5,50.0,0,0.0,0,0.0,0,0.0,3,33.33333333333333,0,0,0.0,0.0
HighElemental,0,0.0,0,0.0,0,0.0,0,0.0,0,0.0,0,0.0,0,0,0.0,0.0
Ellena,0,0.0,0,0.0,0,0.0,0,0.0,0,0.0,0,0.0,0,0,0.0,0.0
Kahli,16,11.510791366906476,7,43.75,0,0.0,1,6.25,1,6.25,1,20.0,1,1,100.0,100.0
Moria,0,0.0,0,0.0,0,0.0,0,0.0,0,0.0,0,0.0,0,0,0.0,0.0
Shren,0,0.0,0,0.0,0,0.0,0,0.0,0,0.0,0,0.0,0,0,0.0,0.0
Jumaline,0,0.0,0,0.0,0,0.0,0,0.0,0,0.0,0,0.0,0,0,0.0,0.0
Harpu,0,0.0,0,0.0,0,0.0,0,0.0,0,0.0,0,0.0,0,0,0.0,0.0
Sisroo,0,0.0,0,0.0,0,0.0,0,0.0,0,0.0,0,0.0,0,0,0.0,0.0
Colleen,0,0.0,0,0.0,0,0.0,0,0.0,0,0.0,0,0.0,0,0,0.0,0.0
Seal,0,0.0,0,0.0,0,0.0,0,0.0,0,0.0,0,0.0,0,0,0.0,0.0
Sia,0,0.0,0,0.0,0,0.0,0,0.0,0,0.0,0,0.0,0,0,0.0,0.0
Seren,0,0.0,0,0.0,0,0.0,0,0.0,0,0.0,0,0.0,0,0,0.0,0.0
Slime,0,0.0,0,0.0,0,0.0,0,0.0,0,0.0,0,0.0,0,0,0.0,0.0
ForestKeeper,0,0.0,0,0.0,0,0.0,0,0.0,0,0.0,0,0.0,0,0,0.0,0.0
Mushroom,0,0.0,0,0.0,0,0.0,0,0.0,0,0.0,0,0.0,0,0,0.0,0.0
ManedBoar,0,0.0,0,0.0,0,0.0,0,0.0,0,0.0,0,0.0,0,0,0.0,0.0
MonsterFlower,0,0.0,0,0.0,0,0.0,0,0.0,0,0.0,0,0.0,0,0,0.0,0.0
Ghost,0,0.0,0,0.0,0,0.0,0,0.0,0,0.0,0,0.0,0,0,0.0,0.0
LowElemental,0,0.0,0,0.0,0,0.0,0,0.0,0,0.0,0,0.0,0,0,0.0,0.0
Tigresse,0,0.0,0,0.0,0,0.0,0,0.0,0,0.0,0,0.0,0,0,0.0,0.0
Lamor,0,0.0,0,0.0,0,0.0,0,0.0,0,0.0,0,0.0,0,0,0.0,0.0
Samour,0,0.0,0,0.0,0,0.0,0,0.0,0,0.0,0,0.0,0,0,0.0,0.0
Varis,0,0.0,0,0.0,0,0.0,0,0.0,0,0.0,0,0.0,0,0,0.0,0.0
Havana,0,0.0,0,0.0,0,0.0,0,0.0,0,0.0,0,0.0,0,0,0.0,0.0
Mimick,0,0.0,0,0.0,0,0.0,0,0.0,0,0.0,0,0.0,0,0,0.0,0.0
HornedFrog,0,0.0,0,0.0,0,0.0,0,0.0,0,0.0,0,0.0,0,0,0.0,0.0
Sandman,0,0.0,0,0.0,0,0.0,0,0.0,0,0.0,0,0.0,0,0,0.0,0.0
Howl,0,0.0,0,0.0,0,0.0,0,0.0,0,0.0,0,0.0,0,0,0.0,0.0
Lulu,1,0.7194244604316541,0,0.0,0,0.0,1,100.0,0,0.0,0,0.0,0,0,0.0,0.0
Lala,0,0.0,0,0.0,0,0.0,0,0.0,0,0.0,0,0.0,0,0,0.0,0.0
Chichi,0,0.0,0,0.0,0,0.0,0,0.0,0,0.0,0,0.0,0,0,0.0,0.0
Shushu,0,0.0,0,0.0,0,0.0,0,0.0,0,0.0,0,0.0,0,0,0.0,0.0
Chacha,0,0.0,0,0.0,0,0.0,0,0.0,0,0.0,0,0.0,0,0,0.0,0.0
Succubus,0,0.0,0,0.0,0,0.0,0,0.0,0,0.0,0,0.0,0,0,0.0,0.0
Izaria,0,0.0,0,0.0,0,0.0,0,0.0,0,0.0,0,0.0,0,0,0.0,0.0
Akia,2,3.389830508474576,1,50.0,1,50.0,0,0.0,1,50.0,0,0.0,0,1,0.0,100.0
Selena,0,0.0,0,0.0,0,0.0,0,0.0,0,0.0,0,0.0,0,0,0.0,0.0
Aria,0,0.0,0,0.0,0,0.0,0,0.0,0,0.0,0,0.0,0,0,0.0,0.0
Isael,0,0.0,0,0.0,0,0.0,0,0.0,0,0.0,0,0.0,0,0,0.0,0.0
Joker,0,0.0,0,0.0,0,0.0,0,0.0,0,0.0,0,0.0,0,0,0.0,0.0
Sian,2,1.197604790419161,1,50.0,0,0.0,0,0.0,1,50.0,2,100.0,0,0,0.0,0.0
Jojo,0,0.0,0,0.0,0,0.0,0,0.0,0,0.0,0,0.0,0,0,0.0,0.0
Lushen,20,12.345679012345679,8,40.0,0,0.0,0,0.0,4,20.0,9,45.0,0,2,0.0,50.0
Figaro,0,0.0,0,0.0,0,0.0,0,0.0,0,0.0,0,0.0,0,0,0.0,0.0
Liebli,0,0.0,0,0.0,0,0.0,0,0.0,0,0.0,0,0.0,0,0,0.0,0.0
Ninja,0,0.0,0,0.0,0,0.0,0,0.0,0,0.0,0,0.0,0,0,0.0,0.0
Susano,0,0.0,0,0.0,0,0.0,0,0.0,0,0.0,0,0.0,0,0,0.0,0.0
Garo,2,1.550387596899225,0,0.0,0,0.0,0,0.0,1,50.0,1,50.0,0,0,0.0,0.0
Orochi,0,0.0,0,0.0,0,0.0,0,0.0,0,0.0,0,0.0,0,0,0.0,0.0
Gin,0,0.0,0,0.0,0,0.0,0,0.0,0,0.0,0,0.0,0,0,0.0,0.0
Han,9,5.88235294117647,7,77.77777777777779,0,0.0,0,0.0,0,0.0,3,37.5,0,0,0.0,0.0
SurpriseBox,0,0.0,0,0.0,0,0.0,0,0.0,0,0.0,0,0.0,0,0,0.0,0.0
Bearman,0,0.0,0,0.0,0,0.0,0,0.0,0,0.0,0,0.0,0,0,0.0,0.0
Gruda,0,0.0,0,0.0,0,0.0,0,0.0,0,0.0,0,0.0,0,0,0.0,0.0
Kungen,0,0.0,0,0.0,0,0.0,0,0.0,0,0.0,0,0.0,0,0,0.0,0.0
Dagorr,0,0.0,0,0.0,0,0.0,0,0.0,0,0.0,0,0.0,0,0,0.0,0.0
Ahman,0,0.0,0,0.0,0,0.0,0,0.0,0,0.0,0,0.0,0,0,0.0,0.0
Haken,0,0.0,0,0.0,0,0.0,0,0.0,0,0.0,0,0.0,0,0,0.0,0.0
Valkyrja,0,0.0,0,0.0,0,0.0,0,0.0,0,0.0,0,0.0,0,0,0.0,0.0
Camilla,0,0.0,0,0.0,0,0.0,0,0.0,0,0.0,0,0.0,0,0,0.0,0.0
Vanessa,13,7.926829268292683,5,38.46153846153847,10,76.92307692307693,0,0.0,0,0.0,3,33.33333333333333,0,0,0.0,0.0
Katarina,0,0.0,0,0.0,0,0.0,0,0.0,0,0.0,0,0.0,0,0,0.0,0.0
Akroma,1,0.7751937984496121,1,100.0,1,100.0,0,0.0,0,0.0,0,0.0,0,0,0.0,0.0
Trinity,1,7.142857142857142,0,0.0,1,100.0,0,0.0,0,0.0,0,0.0,0,0,0.0,0.0
Pierret,0,0.0,0,0.0,0,0.0,0,0.0,0,0.0,0,0.0,0,0,0.0,0.0
Julie,14,8.974358974358974,6,42.857142857142854,2,16.666666666666664,0,0.0,4,28.57142857142857,1,12.5,0,3,0.0,75.0
Clara,3,2.419354838709677,2,66.66666666666666,0,0.0,0,0.0,0,0.0,1,33.33333333333333,0,0,0.0,0.0
Sophia,0,0.0,0,0.0,0,0.0,0,0.0,0,0.0,0,0.0,0,0,0.0,0.0
Eva,0,0.0,0,0.0,0,0.0,0,0.0,0,0.0,0,0.0,0,0,0.0,0.0
Luna,0,0.0,0,0.0,0,0.0,0,0.0,0,0.0,0,0.0,0,0,0.0,0.0
Werewolf,0,0.0,0,0.0,0,0.0,0,0.0,0,0.0,0,0.0,0,0,0.0,0.0
Vigor,131,78.91566265060241,72,54.961832061068705,1,1.44927536231884,36,27.480916030534353,3,2.290076335877862,10,8.19672131147541,20,1,55.55555555555556,33.33333333333333
Garoche,0,0.0,0,0.0,0,0.0,0,0.0,0,0.0,0,0.0,0,0,0.0,0.0
Shakan,0,0.0,0,0.0,0,0.0,0,0.0,0,0.0,0,0.0,0,0,0.0,0.0
Eshir,37,22.5609756097561,20,54.054054054054056,1,5.88235294117647,0,0.0,2,5.405405405405405,6,20.689655172413794,0,0,0.0,0.0
Jultan,0,0.0,0,0.0,0,0.0,0,0.0,0,0.0,0,0.0,0,0,0.0,0.0
PhantomThief,0,0.0,0,0.0,0,0.0,0,0.0,0,0.0,0,0.0,0,0,0.0,0.0
Luer,0,0.0,0,0.0,0,0.0,0,0.0,0,0.0,0,0.0,0,0,0.0,0.0
Jean,0,0.0,0,0.0,0,0.0,0,0.0,0,0.0,0,0.0,0,0,0.0,0.0
Julien,0,0.0,0,0.0,0,0.0,0,0.0,0,0.0,0,0.0,0,0,0.0,0.0
Louis,0,0.0,0,0.0,0,0.0,0,0.0,0,0.0,0,0.0,0,0,0.0,0.0
Guillaume,2,1.3605442176870741,2,100.0,1,50.0,0,0.0,0,0.0,0,0.0,0,0,0.0,0.0
Angelmon,0,0.0,0,0.0,0,0.0,0,0.0,0,0.0,0,0.0,0,0,0.0,0.0
BlueAngelmon,0,0.0,0,0.0,0,0.0,0,0.0,0,0.0,0,0.0,0,0,0.0,0.0
RedAngelmon,0,0.0,0,0.0,0,0.0,0,0.0,0,0.0,0,0.0,0,0,0.0,0.0
GoldAngelmon,0,0.0,0,0.0,0,0.0,0,0.0,0,0.0,0,0.0,0,0,0.0,0.0
WhiteAngelmon,0,0.0,0,0.0,0,0.0,0,0.0,0,0.0,0,0.0,0,0,0.0,0.0
DarkAngelmon,0,0.0,0,0.0,0,0.0,0,0.0,0,0.0,0,0.0,0,0,0.0,0.0
Dragon,0,0.0,0,0.0,0,0.0,0,0.0,0,0.0,0,0.0,0,0,0.0,0.0
Verad,2,1.6,2,100.0,0,0.0,0,0.0,1,50.0,1,50.0,0,1,0.0,100.0
Zaiross,0,0.0,0,0.0,0,0.0,0,0.0,0,0.0,0,0.0,0,0,0.0,0.0
Jamire,8,4.938271604938271,3,37.5,3,50.0,0,0.0,3,37.5,1,25.0,0,2,0.0,66.66666666666666
Zerath,0,0.0,0,0.0,0,0.0,0,0.0,0,0.0,0,0.0,0,0,0.0,0.0
Grogen,0,0.0,0,0.0,0,0.0,0,0.0,0,0.0,0,0.0,0,0,0.0,0.0
Phoenix,0,0.0,0,0.0,0,0.0,0,0.0,0,0.0,0,0.0,0,0,0.0,0.0
Sigmarus,0,0.0,0,0.0,0,0.0,0,0.0,0,0.0,0,0.0,0,0,0.0,0.0
Perna,0,0.0,0,0.0,0,0.0,0,0.0,0,0.0,0,0.0,0,0,0.0,0.0
Teshar,0,0.0,0,0.0,0,0.0,0,0.0,0,0.0,0,0.0,0,0,0.0,0.0
Eludia,0,0.0,0,0.0,0,0.0,0,0.0,0,0.0,0,0.0,0,0,0.0,0.0
Jaara,0,0.0,0,0.0,0,0.0,0,0.0,0,0.0,0,0.0,0,0,0.0,0.0
Chimera,0,0.0,0,0.0,0,0.0,0,0.0,0,0.0,0,0.0,0,0,0.0,0.0
Taor,0,0.0,0,0.0,0,0.0,0,0.0,0,0.0,0,0.0,0,0,0.0,0.0
Rakan,1,1.44927536231884,0,0.0,1,100.0,0,0.0,0,0.0,0,0.0,0,0,0.0,0.0
Lagmaron,4,3.773584905660377,0,0.0,0,0.0,0,0.0,0,0.0,0,0.0,0,0,0.0,0.0
Shan,0,0.0,0,0.0,0,0.0,0,0.0,0,0.0,0,0.0,0,0,0.0,0.0
Zeratu,0,0.0,0,0.0,0,0.0,0,0.0,0,0.0,0,0.0,0,0,0.0,0.0
Vampire,0,0.0,0,0.0,0,0.0,0,0.0,0,0.0,0,0.0,0,0,0.0,0.0
Liesel,0,0.0,0,0.0,0,0.0,0,0.0,0,0.0,0,0.0,0,0,0.0,0.0
Verdehile,60,35.92814371257485,25,41.66666666666667,0,0.0,1,1.666666666666666,4,6.666666666666667,6,10.16949152542373,0,3,0.0,75.0
Argen,0,0.0,0,0.0,0,0.0,0,0.0,0,0.0,0,0.0,0,0,0.0,0.0
Julianne,0,0.0,0,0.0,0,0.0,0,0.0,0,0.0,0,0.0,0,0,0.0,0.0
Cadiz,0,0.0,0,0.0,0,0.0,0,0.0,0,0.0,0,0.0,0,0,0.0,0.0
Viking,0,0.0,0,0.0,0,0.0,0,0.0,0,0.0,0,0.0,0,0,0.0,0.0
Huga,0,0.0,0,0.0,0,0.0,0,0.0,0,0.0,0,0.0,0,0,0.0,0.0
Geoffrey,0,0.0,0,0.0,0,0.0,0,0.0,0,0.0,0,0.0,0,0,0.0,0.0
Walter,0,0.0,0,0.0,0,0.0,0,0.0,0,0.0,0,0.0,0,0,0.0,0.0
Jansson,0,0.0,0,0.0,0,0.0,0,0.0,0,0.0,0,0.0,0,0,0.0,0.0
Janssen,0,0.0,0,0.0,0,0.0,0,0.0,0,0.0,0,0.0,0,0,0.0,0.0
Amazon,0,0.0,0,0.0,0,0.0,0,0.0,0,0.0,0,0.0,0,0,0.0,0.0
Ellin,0,0.0,0,0.0,0,0.0,0,0.0,0,0.0,0,0.0,0,0,0.0,0.0
Ceres,0,0.0,0,0.0,0,0.0,0,0.0,0,0.0,0,0.0,0,0,0.0,0.0
Hina,0,0.0,0,0.0,0,0.0,0,0.0,0,0.0,0,0.0,0,0,0.0,0.0
Lyn,0,0.0,0,0.0,0,0.0,0,0.0,0,0.0,0,0.0,0,0,0.0,0.0
Mara,0,0.0,0,0.0,0,0.0,0,0.0,0,0.0,0,0.0,0,0,0.0,0.0
MartialCat,0,0.0,0,0.0,0,0.0,0,0.0,0,0.0,0,0.0,0,0,0.0,0.0
Mina,21,13.125,15,71.42857142857143,1,5.88235294117647,0,0.0,4,19.047619047619047,0,0.0,0,2,0.0,50.0
Mei,0,0.0,0,0.0,0,0.0,0,0.0,0,0.0,0,0.0,0,0,0.0,0.0
Naomi,0,0.0,0,0.0,0,0.0,0,0.0,0,0.0,0,0.0,0,0,0.0,0.0
XiaoLing,0,0.0,0,0.0,0,0.0,0,0.0,0,0.0,0,0.0,0,0,0.0,0.0
Miho,37,22.289156626506024,19,51.35135135135135,1,3.7037037037037033,0,0.0,9,24.324324324324326,3,8.571428571428571,0,6,0.0,66.66666666666666
Vagabond,0,0.0,0,0.0,0,0.0,0,0.0,0,0.0,0,0.0,0,0,0.0,0.0
Allen,0,0.0,0,0.0,0,0.0,0,0.0,0,0.0,0,0.0,0,0,0.0,0.0
Kaien,0,0.0,0,0.0,0,0.0,0,0.0,0,0.0,0,0.0,0,0,0.0,0.0
Roid,0,0.0,0,0.0,0,0.0,0,0.0,0,0.0,0,0.0,0,0,0.0,0.0
Darion,0,0.0,0,0.0,0,0.0,0,0.0,0,0.0,0,0.0,0,0,0.0,0.0
Jubelle,0,0.0,0,0.0,0,0.0,0,0.0,0,0.0,0,0.0,0,0,0.0,0.0
EpikionPriest,0,0.0,0,0.0,0,0.0,0,0.0,0,0.0,0,0.0,0,0,0.0,0.0
Rina,0,0.0,0,0.0,0,0.0,0,0.0,0,0.0,0,0.0,0,0,0.0,0.0
Chloe,0,0.0,0,0.0,0,0.0,0,0.0,0,0.0,0,0.0,0,0,0.0,0.0
Michelle,0,0.0,0,0.0,0,0.0,0,0.0,0,0.0,0,0.0,0,0,0.0,0.0
Iona,0,0.0,0,0.0,0,0.0,0,0.0,0,0.0,0,0.0,0,0,0.0,0.0
Rasheed,0,0.0,0,0.0,0,0.0,0,0.0,0,0.0,0,0.0,0,0,0.0,0.0
MagicalArcher,0,0.0,0,0.0,0,0.0,0,0.0,0,0.0,0,0.0,0,0,0.0,0.0
Sharron,0,0.0,0,0.0,0,0.0,0,0.0,0,0.0,0,0.0,0,0,0.0,0.0
Cassandra,0,0.0,0,0.0,0,0.0,0,0.0,0,0.0,0,0.0,0,0,0.0,0.0
Ardella,0,0.0,0,0.0,0,0.0,0,0.0,0,0.0,0,0.0,0,0,0.0,0.0
Chris,7,6.086956521739131,5,71.42857142857143,0,0.0,0,0.0,1,14.285714285714285,1,50.0,0,0,0.0,0.0
Bethony,0,0.0,0,0.0,0,0.0,0,0.0,0,0.0,0,0.0,0,0,0.0,0.0
Rakshasa,0,0.0,0,0.0,0,0.0,0,0.0,0,0.0,0,0.0,0,0,0.0,0.0
Su,0,0.0,0,0.0,0,0.0,0,0.0,0,0.0,0,0.0,0,0,0.0,0.0
Hwa,0,0.0,0,0.0,0,0.0,0,0.0,0,0.0,0,0.0,0,0,0.0,0.0
Yen,5,3.289473684210526,2,40.0,2,40.0,0,0.0,0,0.0,0,0.0,0,0,0.0,0.0
Pang,0,0.0,0,0.0,0,0.0,0,0.0,0,0.0,0,0.0,0,0,0.0,0.0
Ran,0,0.0,0,0.0,0,0.0,0,0.0,0,0.0,0,0.0,0,0,0.0,0.0
BountyHunter,0,0.0,0,0.0,0,0.0,0,0.0,0,0.0,0,0.0,0,0,0.0,0.0
Wayne,0,0.0,0,0.0,0,0.0,0,0.0,0,0.0,0,0.0,0,0,0.0,0.0
Randy,0,0.0,0,0.0,0,0.0,0,0.0,0,0.0,0,0.0,0,0,0.0,0.0
Roger,0,0.0,0,0.0,0,0.0,0,0.0,0,0.0,0,0.0,0,0,0.0,0.0
Walkers,1,0.943396226415094,1,100.0,1,100.0,0,0.0,1,100.0,0,0.0,0,1,0.0,100.0
Jamie,0,0.0,0,0.0,0,0.0,0,0.0,0,0.0,0,0.0,0,0,0.0,0.0
Oracle,0,0.0,0,0.0,0,0.0,0,0.0,0,0.0,0,0.0,0,0,0.0,0.0
Praha,1,1.0,0,0.0,1,100.0,0,0.0,1,100.0,0,0.0,0,0,0.0,0.0
Juno,8,5.442176870748299,3,37.5,3,37.5,0,0.0,2,25.0,0,0.0,0,1,0.0,50.0
Seara,108,64.67065868263472,63,58.333333333333336,87,80.55555555555556,23,21.296296296296298,3,2.777777777777777,20,20.618556701030926,12,3,52.17391304347826,100.0
Laima,0,0.0,0,0.0,0,0.0,0,0.0,0,0.0,0,0.0,0,0,0.0,0.0
Giana,19,11.515151515151516,7,36.84210526315789,7,36.84210526315789,3,15.789473684210526,1,5.2631578947368425,9,50.0,1,1,33.33333333333333,100.0
ImpChampion,0,0.0,0,0.0,0,0.0,0,0.0,0,0.0,0,0.0,0,0,0.0,0.0
Yaku,0,0.0,0,0.0,0,0.0,0,0.0,0,0.0,0,0.0,0,0,0.0,0.0
Fairo,0,0.0,0,0.0,0,0.0,0,0.0,0,0.0,0,0.0,0,0,0.0,0.0
Pigma,0,0.0,0,0.0,0,0.0,0,0.0,0,0.0,0,0.0,0,0,0.0,0.0
Shaffron,0,0.0,0,0.0,0,0.0,0,0.0,0,0.0,0,0.0,0,0,0.0,0.0
Loque,0,0.0,0,0.0,0,0.0,0,0.0,0,0.0,0,0.0,0,0,0.0,0.0
MysticWitch,0,0.0,0,0.0,0,0.0,0,0.0,0,0.0,0,0.0,0,0,0.0,0.0
Megan,9,7.086614173228346,2,22.22222222222222,2,28.57142857142857,2,22.22222222222222,0,0.0,1,100.0,0,0,0.0,0.0
Rebecca,0,0.0,0,0.0,0,0.0,0,0.0,0,0.0,0,0.0,0,0,0.0,0.0
Silia,0,0.0,0,0.0,0,0.0,0,0.0,0,0.0,0,0.0,0,0,0.0,0.0
Linda,0,0.0,0,0.0,0,0.0,0,0.0,0,0.0,0,0.0,0,0,0.0,0.0
Gina,0,0.0,0,0.0,0,0.0,0,0.0,0,0.0,0,0.0,0,0,0.0,0.0
GrimReaper,0,0.0,0,0.0,0,0.0,0,0.0,0,0.0,0,0.0,0,0,0.0,0.0
Hemos,0,0.0,0,0.0,0,0.0,0,0.0,0,0.0,0,0.0,0,0,0.0,0.0
Sath,0,0.0,0,0.0,0,0.0,0,0.0,0,0.0,0,0.0,0,0,0.0,0.0
Hiva,0,0.0,0,0.0,0,0.0,0,0.0,0,0.0,0,0.0,0,0,0.0,0.0
Prom,0,0.0,0,0.0,0,0.0,0,0.0,0,0.0,0,0.0,0,0,0.0,0.0
Thrain,0,0.0,0,0.0,0,0.0,0,0.0,0,0.0,0,0.0,0,0,0.0,0.0
OccultGirl,0,0.0,0,0.0,0,0.0,0,0.0,0,0.0,0,0.0,0,0,0.0,0.0
Anavel,1,25.0,0,0.0,1,100.0,0,0.0,0,0.0,0,0.0,0,0,0.0,0.0
Rica,12,7.692307692307692,8,66.66666666666666,1,33.33333333333333,0,0.0,3,25.0,2,25.0,0,2,0.0,66.66666666666666
Charlotte,0,0.0,0,0.0,0,0.0,0,0.0,0,0.0,0,0.0,0,0,0.0,0.0
Lora,0,0.0,0,0.0,0,0.0,0,0.0,0,0.0,0,0.0,0,0,0.0,0.0
Nicki,0,0.0,0,0.0,0,0.0,0,0.0,0,0.0,0,0.0,0,0,0.0,0.0
DeathKnight,0,0.0,0,0.0,0,0.0,0,0.0,0,0.0,0,0.0,0,0,0.0,0.0
Fedora,0,0.0,0,0.0,0,0.0,0,0.0,0,0.0,0,0.0,0,0,0.0,0.0
Arnold,2,1.257861635220126,0,0.0,1,50.0,0,0.0,0,0.0,0,0.0,0,0,0.0,0.0
Briand,0,0.0,0,0.0,0,0.0,0,0.0,0,0.0,0,0.0,0,0,0.0,0.0
Conrad,0,0.0,0,0.0,0,0.0,0,0.0,0,0.0,0,0.0,0,0,0.0,0.0
Dias,0,0.0,0,0.0,0,0.0,0,0.0,0,0.0,0,0.0,0,0,0.0,0.0
Lich,0,0.0,0,0.0,0,0.0,0,0.0,0,0.0,0,0.0,0,0,0.0,0.0
Rigel,0,0.0,0,0.0,0,0.0,0,0.0,0,0.0,0,0.0,0,0,0.0,0.0
Antares,12,7.18562874251497,2,16.666666666666664,3,30.0,0,0.0,4,33.33333333333333,1,16.666666666666664,0,1,0.0,25.0
Fuco,0,0.0,0,0.0,0,0.0,0,0.0,0,0.0,0,0.0,0,0,0.0,0.0
Halphas,0,0.0,0,0.0,0,0.0,0,0.0,0,0.0,0,0.0,0,0,0.0,0.0
Grego,0,0.0,0,0.0,0,0.0,0,0.0,0,0.0,0,0.0,0,0,0.0,0.0
SkullSoldier,0,0.0,0,0.0,0,0.0,0,0.0,0,0.0,0,0.0,0,0,0.0,0.0
LivingArmor,0,0.0,0,0.0,0,0.0,0,0.0,0,0.0,0,0.0,0,0,0.0,0.0
Nickel,0,0.0,0,0.0,0,0.0,0,0.0,0,0.0,0,0.0,0,0,0.0,0.0
Iron,0,0.0,0,0.0,0,0.0,0,0.0,0,0.0,0,0.0,0,0,0.0,0.0
Copper,1,7.692307692307692,1,100.0,1,100.0,0,0.0,0,0.0,0,0.0,0,0,0.0,0.0
Silver,0,0.0,0,0.0,0,0.0,0,0.0,0,0.0,0,0.0,0,0,0.0,0.0
Zinc,0,0.0,0,0.0,0,0.0,0,0.0,0,0.0,0,0.0,0,0,0.0,0.0
DragonKnight,0,0.0,0,0.0,0,0.0,0,0.0,0,0.0,0,0.0,0,0,0.0,0.0
Chow,0,0.0,0,0.0,0,0.0,0,0.0,0,0.0,0,0.0,0,0,0.0,0.0
Laika,6,5.454545454545454,1,16.666666666666664,0,0.0,0,0.0,0,0.0,0,0.0,0,0,0.0,0.0
Leo,20,12.345679012345679,10,50.0,3,15.789473684210526,0,0.0,2,10.0,9,45.0,0,1,0.0,50.0
Jager,11,7.482993197278912,3,27.27272727272727,6,66.66666666666666,0,0.0,1,9.090909090909092,1,25.0,0,0,0.0,0.0
Ragdoll,12,7.272727272727272,5,41.66666666666667,1,33.33333333333333,0,0.0,1,8.333333333333332,6,50.0,0,1,0.0,100.0
MagicalArcherPromo,0,0.0,0,0.0,0,0.0,0,0.0,0,0.0,0,0.0,0,0,0.0,0.0
Fami,0,0.0,0,0.0,0,0.0,0,0.0,0,0.0,0,0.0,0,0,0.0,0.0
MonkeyKing,0,0.0,0,0.0,0,0.0,0,0.0,0,0.0,0,0.0,0,0,0.0,0.0
ShiHou,2,1.666666666666666,0,0.0,0,0.0,0,0.0,0,0.0,0,0.0,0,0,0.0,0.0
MeiHouWang,0,0.0,0,0.0,0,0.0,0,0.0,0,0.0,0,0.0,0,0,0.0,0.0
XingZhe,25,15.527950310559005,10,40.0,14,56.00000000000001,0,0.0,1,4.0,6,26.08695652173913,0,0,0.0,0.0
QitianDasheng,0,0.0,0,0.0,0,0.0,0,0.0,0,0.0,0,0.0,0,0,0.0,0.0
SonZhangLao,0,0.0,0,0.0,0,0.0,0,0.0,0,0.0,0,0.0,0,0,0.0,0.0
Samurai,0,0.0,0,0.0,0,0.0,0,0.0,0,0.0,0,0.0,0,0,0.0,0.0
Kaz,0,0.0,0,0.0,0,0.0,0,0.0,0,0.0,0,0.0,0,0,0.0,0.0
Jun,0,0.0,0,0.0,0,0.0,0,0.0,0,0.0,0,0.0,0,0,0.0,0.0
Kaito,0,0.0,0,0.0,0,0.0,0,0.0,0,0.0,0,0.0,0,0,0.0,0.0
Tosi,0,0.0,0,0.0,0,0.0,0,0.0,0,0.0,0,0.0,0,0,0.0,0.0
Sige,0,0.0,0,0.0,0,0.0,0,0.0,0,0.0,0,0.0,0,0,0.0,0.0
Archangel,0,0.0,0,0.0,0,0.0,0,0.0,0,0.0,0,0.0,0,0,0.0,0.0
Ariel,0,0.0,0,0.0,0,0.0,0,0.0,0,0.0,0,0.0,0,0,0.0,0.0
Velajuel,14,8.695652173913043,7,50.0,7,58.333333333333336,0,0.0,3,21.428571428571427,3,21.428571428571427,0,1,0.0,33.33333333333333
Eladriel,0,0.0,0,0.0,0,0.0,0,0.0,0,0.0,0,0.0,0,0,0.0,0.0
Artamiel,2,9.523809523809524,0,0.0,1,100.0,0,0.0,0,0.0,1,50.0,0,0,0.0,0.0
Fermion,0,0.0,0,0.0,0,0.0,0,0.0,0,0.0,0,0.0,0,0,0.0,0.0
DrunkenMaster,0,0.0,0,0.0,0,0.0,0,0.0,0,0.0,0,0.0,0,0,0.0,0.0
Mao,0,0.0,0,0.0,0,0.0,0,0.0,0,0.0,0,0.0,0,0,0.0,0.0
XiaoChun,0,0.0,0,0.0,0,0.0,0,0.0,0,0.0,0,0.0,0,0,0.0,0.0
Huan,0,0.0,0,0.0,0,0.0,0,0.0,0,0.0,0,0.0,0,0,0.0,0.0
TienQin,0,0.0,0,0.0,0,0.0,0,0.0,0,0.0,0,0.0,0,0,0.0,0.0
WeiShin,0,0.0,0,0.0,0,0.0,0,0.0,0,0.0,0,0.0,0,0,0.0,0.0
KungFuGirl,0,0.0,0,0.0,0,0.0,0,0.0,0,0.0,0,0.0,0,0,0.0,0.0
XiaoLin,0,0.0,0,0.0,0,0.0,0,0.0,0,0.0,0,0.0,0,0,0.0,0.0
HongHua,0,0.0,0,0.0,0,0.0,0,0.0,0,0.0,0,0.0,0,0,0.0,0.0
LingLing,0,0.0,0,0.0,0,0.0,0,0.0,0,0.0,0,0.0,0,0,0.0,0.0
LiuMei,0,0.0,0,0.0,0,0.0,0,0.0,0,0.0,0,0.0,0,0,0.0,0.0
Fei,3,6.521739130434782,2,66.66666666666666,2,66.66666666666666,0,0.0,2,66.66666666666666,0,0.0,0,1,0.0,50.0
BeastMonk,0,0.0,0,0.0,0,0.0,0,0.0,0,0.0,0,0.0,0,0,0.0,0.0
Chandra,0,0.0,0,0.0,0,0.0,0,0.0,0,0.0,0,0.0,0,0,0.0,0.0
Kumar,0,0.0,0,0.0,0,0.0,0,0.0,0,0.0,0,0.0,0,0,0.0,0.0
Ritesh,0,0.0,0,0.0,0,0.0,0,0.0,0,0.0,0,0.0,0,0,0.0,0.0
Shazam,0,0.0,0,0.0,0,0.0,0,0.0,0,0.0,0,0.0,0,0,0.0,0.0
Rahul,0,0.0,0,0.0,0,0.0,0,0.0,0,0.0,0,0.0,0,0,0.0,0.0
MischievousBat,0,0.0,0,0.0,0,0.0,0,0.0,0,0.0,0,0.0,0,0,0.0,0.0
BattleScorpion,0,0.0,0,0.0,0,0.0,0,0.0,0,0.0,0,0.0,0,0,0.0,0.0
Minotauros,0,0.0,0,0.0,0,0.0,0,0.0,0,0.0,0,0.0,0,0,0.0,0.0
Urtau,0,0.0,0,0.0,0,0.0,0,0.0,0,0.0,0,0.0,0,0,0.0,0.0
Burentau,0,0.0,0,0.0,0,0.0,0,0.0,0,0.0,0,0.0,0,0,0.0,0.0
Eintau,0,0.0,0,0.0,0,0.0,0,0.0,0,0.0,0,0.0,0,0,0.0,0.0
Grotau,0,0.0,0,0.0,0,0.0,0,0.0,0,0.0,0,0.0,0,0,0.0,0.0
Kamatau,0,0.0,0,0.0,0,0.0,0,0.0,0,0.0,0,0.0,0,0,0.0,0.0
Lizardman,0,0.0,0,0.0,0,0.0,0,0.0,0,0.0,0,0.0,0,0,0.0,0.0
Kernodon,0,0.0,0,0.0,0,0.0,0,0.0,0,0.0,0,0.0,0,0,0.0,0.0
Igmanodon,0,0.0,0,0.0,0,0.0,0,0.0,0,0.0,0,0.0,0,0,0.0,0.0
Velfinodon,0,0.0,0,0.0,0,0.0,0,0.0,0,0.0,0,0.0,0,0,0.0,0.0
Glinodon,0,0.0,0,0.0,0,0.0,0,0.0,0,0.0,0,0.0,0,0,0.0,0.0
Devinodon,0,0.0,0,0.0,0,0.0,0,0.0,0,0.0,0,0.0,0,0,0.0,0.0
HellLady,0,0.0,0,0.0,0,0.0,0,0.0,0,0.0,0,0.0,0,0,0.0,0.0
Beth,0,0.0,0,0.0,0,0.0,0,0.0,0,0.0,0,0.0,0,0,0.0,0.0
Raki,2,1.219512195121951,1,50.0,1,100.0,0,0.0,1,50.0,0,0.0,0,1,0.0,100.0
Ethna,28,17.073170731707318,16,57.14285714285714,8,32.0,0,0.0,2,7.142857142857142,9,33.33333333333333,0,1,0.0,50.0
Asima,0,0.0,0,0.0,0,0.0,0,0.0,0,0.0,0,0.0,0,0,0.0,0.0
Craka,0,0.0,0,0.0,0,0.0,0,0.0,0,0.0,0,0.0,0,0,0.0,0.0
BrownieMagician,0,0.0,0,0.0,0,0.0,0,0.0,0,0.0,0,0.0,0,0,0.0,0.0
Orion,0,0.0,0,0.0,0,0.0,0,0.0,0,0.0,0,0.0,0,0,0.0,0.0
Draco,6,4.0,2,33.33333333333333,1,16.666666666666664,0,0.0,0,0.0,0,0.0,0,0,0.0,0.0
Aquila,0,0.0,0,0.0,0,0.0,0,0.0,0,0.0,0,0.0,0,0,0.0,0.0
Gemini,14,9.722222222222223,3,21.428571428571427,3,25.0,0,0.0,3,21.428571428571427,4,36.36363636363637,0,2,0.0,66.66666666666666
Korona,0,0.0,0,0.0,0,0.0,0,0.0,0,0.0,0,0.0,0,0,0.0,0.0
KoboldBomber,0,0.0,0,0.0,0,0.0,0,0.0,0,0.0,0,0.0,0,0,0.0,0.0
Malaka,0,0.0,0,0.0,0,0.0,0,0.0,0,0.0,0,0.0,0,0,0.0,0.0
Zibrolta,0,0.0,0,0.0,0,0.0,0,0.0,0,0.0,0,0.0,0,0,0.0,0.0
Taurus,0,0.0,0,0.0,0,0.0,0,0.0,0,0.0,0,0.0,0,0,0.0,0.0
Dover,2,2.127659574468085,1,50.0,0,0.0,0,0.0,0,0.0,2,100.0,0,0,0.0,0.0
Bering,0,0.0,0,0.0,0,0.0,0,0.0,0,0.0,0,0.0,0,0,0.0,0.0
KingAngelmon,0,0.0,0,0.0,0,0.0,0,0.0,0,0.0,0,0.0,0,0,0.0,0.0
BlueKingAngelmon,0,0.0,0,0.0,0,0.0,0,0.0,0,0.0,0,0.0,0,0,0.0,0.0
RedKingAngelmon,0,0.0,0,0.0,0,0.0,0,0.0,0,0.0,0,0.0,0,0,0.0,0.0
GoldKingAngelmon,0,0.0,0,0.0,0,0.0,0,0.0,0,0.0,0,0.0,0,0,0.0,0.0
WhiteKingAngelmon,0,0.0,0,0.0,0,0.0,0,0.0,0,0.0,0,0.0,0,0,0.0,0.0
DarkKingAngelmon,0,0.0,0,0.0,0,0.0,0,0.0,0,0.0,0,0.0,0,0,0.0,0.0
SkyDancer,0,0.0,0,0.0,0,0.0,0,0.0,0,0.0,0,0.0,0,0,0.0,0.0
Mihyang,0,0.0,0,0.0,0,0.0,0,0.0,0,0.0,0,0.0,0,0,0.0,0.0
Hwahee,0,0.0,0,0.0,0,0.0,0,0.0,0,0.0,0,0.0,0,0,0.0,0.0
Chasun,0,0.0,0,0.0,0,0.0,0,0.0,0,0.0,0,0.0,0,0,0.0,0.0
Yeonhong,16,11.851851851851853,11,68.75,3,23.076923076923077,0,0.0,0,0.0,6,40.0,0,0,0.0,0.0
Wolyung,1,0.8695652173913041,1,100.0,0,0.0,0,0.0,0,0.0,1,100.0,0,0,0.0,0.0
Taoist,0,0.0,0,0.0,0,0.0,0,0.0,0,0.0,0,0.0,0,0,0.0,0.0
Gildong,0,0.0,0,0.0,0,0.0,0,0.0,0,0.0,0,0.0,0,0,0.0,0.0
Gunpyeong,0,0.0,0,0.0,0,0.0,0,0.0,0,0.0,0,0.0,0,0,0.0,0.0
Woochi,0,0.0,0,0.0,0,0.0,0,0.0,0,0.0,0,0.0,0,0,0.0,0.0
Hwadam,2,1.6,0,0.0,0,0.0,0,0.0,1,50.0,0,0.0,0,0,0.0,0.0
Woonhak,0,0.0,0,0.0,0,0.0,0,0.0,0,0.0,0,0.0,0,0,0.0,0.0
BeastHunter,0,0.0,0,0.0,0,0.0,0,0.0,0,0.0,0,0.0,0,0,0.0,0.0
Gangchun,0,0.0,0,0.0,0,0.0,0,0.0,0,0.0,0,0.0,0,0,0.0,0.0
Nangrim,0,0.0,0,0.0,0,0.0,0,0.0,0,0.0,0,0.0,0,0,0.0,0.0
Suri,0,0.0,0,0.0,0,0.0,0,0.0,0,0.0,0,0.0,0,0,0.0,0.0
Baekdu,0,0.0,0,0.0,0,0.0,0,0.0,0,0.0,0,0.0,0,0,0.0,0.0
Hanra,0,0.0,0,0.0,0,0.0,0,0.0,0,0.0,0,0.0,0,0,0.0,0.0
Pioneer,0,0.0,0,0.0,0,0.0,0,0.0,0,0.0,0,0.0,0,0,0.0,0.0
Woosa,2,1.3422818791946312,1,50.0,0,0.0,1,50.0,0,0.0,0,0.0,0,0,0.0,0.0
Chiwu,2,1.3605442176870741,2,100.0,0,0.0,0,0.0,0,0.0,1,100.0,0,0,0.0,0.0
Pungbaek,0,0.0,0,0.0,0,0.0,0,0.0,0,0.0,0,0.0,0,0,0.0,0.0
Nigong,0,0.0,0,0.0,0,0.0,0,0.0,0,0.0,0,0.0,0,0,0.0,0.0
Woonsa,0,0.0,0,0.0,0,0.0,0,0.0,0,0.0,0,0.0,0,0,0.0,0.0
PenguinKnight,0,0.0,0,0.0,0,0.0,0,0.0,0,0.0,0,0.0,0,0,0.0,0.0
Toma,0,0.0,0,0.0,0,0.0,0,0.0,0,0.0,0,0.0,0,0,0.0,0.0
Naki,0,0.0,0,0.0,0,0.0,0,0.0,0,0.0,0,0.0,0,0,0.0,0.0
Mav,0,0.0,0,0.0,0,0.0,0,0.0,0,0.0,0,0.0,0,0,0.0,0.0
Dona,0,0.0,0,0.0,0,0.0,0,0.0,0,0.0,0,0.0,0,0,0.0,0.0
Kuna,0,0.0,0,0.0,0,0.0,0,0.0,0,0.0,0,0.0,0,0,0.0,0.0
BarbaricKing,0,0.0,0,0.0,0,0.0,0,0.0,0,0.0,0,0.0,0,0,0.0,0.0
Aegir,3,2.1897810218978098,3,100.0,0,0.0,0,0.0,0,0.0,0,0.0,0,0,0.0,0.0
Surtr,0,0.0,0,0.0,0,0.0,0,0.0,0,0.0,0,0.0,0,0,0.0,0.0
Hraesvelg,0,0.0,0,0.0,0,0.0,0,0.0,0,0.0,0,0.0,0,0,0.0,0.0
Mimirr,0,0.0,0,0.0,0,0.0,0,0.0,0,0.0,0,0.0,0,0,0.0,0.0
Hrungnir,0,0.0,0,0.0,0,0.0,0,0.0,0,0.0,0,0.0,0,0,0.0,0.0
PolarQueen,0,0.0,0,0.0,0,0.0,0,0.0,0,0.0,0,0.0,0,0,0.0,0.0
Alicia,0,0.0,0,0.0,0,0.0,0,0.0,0,0.0,0,0.0,0,0,0.0,0.0
Brandia,0,0.0,0,0.0,0,0.0,0,0.0,0,0.0,0,0.0,0,0,0.0,0.0
Tiana,0,0.0,0,0.0,0,0.0,0,0.0,0,0.0,0,0.0,0,0,0.0,0.0
Elenoa,0,0.0,0,0.0,0,0.0,0,0.0,0,0.0,0,0.0,0,0,0.0,0.0
Lydia,4,3.478260869565217,2,50.0,1,50.0,0,0.0,0,0.0,0,0.0,0,0,0.0,0.0
BattleMammoth,0,0.0,0,0.0,0,0.0,0,0.0,0,0.0,0,0.0,0,0,0.0,0.0
Talc,0,0.0,0,0.0,0,0.0,0,0.0,0,0.0,0,0.0,0,0,0.0,0.0
Granite,0,0.0,0,0.0,0,0.0,0,0.0,0,0.0,0,0.0,0,0,0.0,0.0
Olivine,0,0.0,0,0.0,0,0.0,0,0.0,0,0.0,0,0.0,0,0,0.0,0.0
Marble,0,0.0,0,0.0,0,0.0,0,0.0,0,0.0,0,0.0,0,0,0.0,0.0
Basalt,0,0.0,0,0.0,0,0.0,0,0.0,0,0.0,0,0.0,0,0,0.0,0.0
FairyQueen,0,0.0,0,0.0,0,0.0,0,0.0,0,0.0,0,0.0,0,0,0.0,0.0
Fran,133,79.64071856287424,73,54.88721804511278,42,31.57894736842105,65,48.87218045112782,1,0.75187969924812,27,20.76923076923077,34,0,52.307692307692314,0.0
Ifrit,0,0.0,0,0.0,0,0.0,0,0.0,0,0.0,0,0.0,0,0,0.0,0.0
Theomars,0,0.0,0,0.0,0,0.0,0,0.0,0,0.0,0,0.0,0,0,0.0,0.0
Tesarion,5,3.164556962025316,3,60.0,3,60.0,0,0.0,1,20.0,1,25.0,0,0,0.0,0.0
Akhamamir,0,0.0,0,0.0,0,0.0,0,0.0,0,0.0,0,0.0,0,0,0.0,0.0
Elsharion,1,33.33333333333333,0,0.0,0,0.0,0,0.0,0,0.0,1,100.0,0,0,0.0,0.0
Veromos,0,0.0,0,0.0,0,0.0,0,0.0,0,0.0,0,0.0,0,0,0.0,0.0
CowGirl,0,0.0,0,0.0,0,0.0,0,0.0,0,0.0,0,0.0,0,0,0.0,0.0
Sera,0,0.0,0,0.0,0,0.0,0,0.0,0,0.0,0,0.0,0,0,0.0,0.0
Anne,0,0.0,0,0.0,0,0.0,0,0.0,0,0.0,0,0.0,0,0,0.0,0.0
Hannah,0,0.0,0,0.0,0,0.0,0,0.0,0,0.0,0,0.0,0,0,0.0,0.0
Loren,88,52.69461077844312,45,51.13636363636363,7,8.235294117647058,5,5.681818181818182,5,5.681818181818182,16,19.27710843373494,3,2,60.0,40.0
Cassie,0,0.0,0,0.0,0,0.0,0,0.0,0,0.0,0,0.0,0,0,0.0,0.0
PirateCaptain,0,0.0,0,0.0,0,0.0,0,0.0,0,0.0,0,0.0,0,0,0.0,0.0
Galleon,0,0.0,0,0.0,0,0.0,0,0.0,0,0.0,0,0.0,0,0,0.0,0.0
Carrack,0,0.0,0,0.0,0,0.0,0,0.0,0,0.0,0,0.0,0,0,0.0,0.0
Barque,1,0.75187969924812,0,0.0,0,0.0,0,0.0,0,0.0,1,100.0,0,0,0.0,0.0
Brig,0,0.0,0,0.0,0,0.0,0,0.0,0,0.0,0,0.0,0,0,0.0,0.0
Frigate,0,0.0,0,0.0,0,0.0,0,0.0,0,0.0,0,0.0,0,0,0.0,0.0
ChargerShark,0,0.0,0,0.0,0,0.0,0,0.0,0,0.0,0,0.0,0,0,0.0,0.0
Aqcus,0,0.0,0,0.0,0,0.0,0,0.0,0,0.0,0,0.0,0,0,0.0,0.0
Ignicus,0,0.0,0,0.0,0,0.0,0,0.0,0,0.0,0,0.0,0,0,0.0,0.0
Zephicus,0,0.0,0,0.0,0,0.0,0,0.0,0,0.0,0,0.0,0,0,0.0,0.0
Rumicus,0,0.0,0,0.0,0,0.0,0,0.0,0,0.0,0,0.0,0,0,0.0,0.0
Calicus,0,0.0,0,0.0,0,0.0,0,0.0,0,0.0,0,0.0,0,0,0.0,0.0
Mermaid,0,0.0,0,0.0,0,0.0,0,0.0,0,0.0,0,0.0,0,0,0.0,0.0
Tetra,0,0.0,0,0.0,0,0.0,0,0.0,0,0.0,0,0.0,0,0,0.0,0.0
Platy,1,0.9174311926605501,0,0.0,0,0.0,0,0.0,0,0.0,0,0.0,0,0,0.0,0.0
Cichlid,2,1.333333333333333,0,0.0,0,0.0,0,0.0,0,0.0,0,0.0,0,0,0.0,0.0
Molly,40,25.0,15,37.5,0,0.0,4,10.0,3,7.5,7,17.94871794871795,1,0,25.0,0.0
Betta,1,0.8264462809917351,1,100.0,0,0.0,0,0.0,1,100.0,1,100.0,0,1,0.0,100.0
SeaEmperor,0,0.0,0,0.0,0,0.0,0,0.0,0,0.0,0,0.0,0,0,0.0,0.0
Poseidon,0,0.0,0,0.0,0,0.0,0,0.0,0,0.0,0,0.0,0,0,0.0,0.0
Okeanos,45,27.10843373493976,24,53.333333333333336,13,32.5,0,0.0,9,20.0,13,28.888888888888886,0,4,0.0,44.44444444444444
Triton,0,0.0,0,0.0,0,0.0,0,0.0,0,0.0,0,0.0,0,0,0.0,0.0
Pontos,0,0.0,0,0.0,0,0.0,0,0.0,0,0.0,0,0.0,0,0,0.0,0.0
Manannan,0,0.0,0,0.0,0,0.0,0,0.0,0,0.0,0,0.0,0,0,0.0,0.0
MagicKnight,0,0.0,0,0.0,0,0.0,0,0.0,0,0.0,0,0.0,0,0,0.0,0.0
Lapis,0,0.0,0,0.0,0,0.0,0,0.0,0,0.0,0,0.0,0,0,0.0,0.0
Astar,0,0.0,0,0.0,0,0.0,0,0.0,0,0.0,0,0.0,0,0,0.0,0.0
Lupinus,0,0.0,0,0.0,0,0.0,0,0.0,0,0.0,0,0.0,0,0,0.0,0.0
Iris,2,1.226993865030674,1,50.0,0,0.0,0,0.0,0,0.0,0,0.0,0,0,0.0,0.0
Lanett,0,0.0,0,0.0,0,0.0,0,0.0,0,0.0,0,0.0,0,0,0.0,0.0
Assassin,0,0.0,0,0.0,0,0.0,0,0.0,0,0.0,0,0.0,0,0,0.0,0.0
Stella,0,0.0,0,0.0,0,0.0,0,0.0,0,0.0,0,0.0,0,0,0.0,0.0
Lexy,0,0.0,0,0.0,0,0.0,0,0.0,0,0.0,0,0.0,0,0,0.0,0.0
Tanya,0,0.0,0,0.0,0,0.0,0,0.0,0,0.0,0,0.0,0,0,0.0,0.0
Natalie,0,0.0,0,0.0,0,0.0,0,0.0,0,0.0,0,0.0,0,0,0.0,0.0
Isabelle,0,0.0,0,0.0,0,0.0,0,0.0,0,0.0,0,0.0,0,0,0.0,0.0
NeostoneFighter,0,0.0,0,0.0,0,0.0,0,0.0,0,0.0,0,0.0,0,0,0.0,0.0
Ryan,0,0.0,0,0.0,0,0.0,0,0.0,0,0.0,0,0.0,0,0,0.0,0.0
Trevor,0,0.0,0,0.0,0,0.0,0,0.0,0,0.0,0,0.0,0,0,0.0,0.0
Logan,0,0.0,0,0.0,0,0.0,0,0.0,0,0.0,0,0.0,0,0,0.0,0.0
Lucas,0,0.0,0,0.0,0,0.0,0,0.0,0,0.0,0,0.0,0,0,0.0,0.0
Karl,0,0.0,0,0.0,0,0.0,0,0.0,0,0.0,0,0.0,0,0,0.0,0.0
NeostoneAgent,0,0.0,0,0.0,0,0.0,0,0.0,0,0.0,0,0.0,0,0,0.0,0.0
Emma,0,0.0,0,0.0,0,0.0,0,0.0,0,0.0,0,0.0,0,0,0.0,0.0
Lisa,0,0.0,0,0.0,0,0.0,0,0.0,0,0.0,0,0.0,0,0,0.0,0.0
Olivia,7,5.511811023622047,4,57.14285714285714,0,0.0,0,0.0,0,0.0,0,0.0,0,0,0.0,0.0
Illiana,6,4.477611940298507,3,50.0,0,0.0,0,0.0,0,0.0,2,50.0,0,0,0.0,0.0
Sylvia,0,0.0,0,0.0,0,0.0,0,0.0,0,0.0,0,0.0,0,0,0.0,0.0
MartialArtist,0,0.0,0,0.0,0,0.0,0,0.0,0,0.0,0,0.0,0,0,0.0,0.0
Luan,0,0.0,0,0.0,0,0.0,0,0.0,0,0.0,0,0.0,0,0,0.0,0.0
Sin,0,0.0,0,0.0,0,0.0,0,0.0,0,0.0,0,0.0,0,0,0.0,0.0
Lo,0,0.0,0,0.0,0,0.0,0,0.0,0,0.0,0,0.0,0,0,0.0,0.0
Hiro,0,0.0,0,0.0,0,0.0,0,0.0,0,0.0,0,0.0,0,0,0.0,0.0
Jackie,0,0.0,0,0.0,0,0.0,0,0.0,0,0.0,0,0.0,0,0,0.0,0.0
Mummy,0,0.0,0,0.0,0,0.0,0,0.0,0,0.0,0,0.0,0,0,0.0,0.0
Nubia,0,0.0,0,0.0,0,0.0,0,0.0,0,0.0,0,0.0,0,0,0.0,0.0
Sonora,0,0.0,0,0.0,0,0.0,0,0.0,0,0.0,0,0.0,0,0,0.0,0.0
Namib,0,0.0,0,0.0,0,0.0,0,0.0,0,0.0,0,0.0,0,0,0.0,0.0
Sahara,0,0.0,0,0.0,0,0.0,0,0.0,0,0.0,0,0.0,0,0,0.0,0.0
Karakum,0,0.0,0,0.0,0,0.0,0,0.0,0,0.0,0,0.0,0,0,0.0,0.0
Anubis,0,0.0,0,0.0,0,0.0,0,0.0,0,0.0,0,0.0,0,0,0.0,0.0
Avaris,0,0.0,0,0.0,0,0.0,0,0.0,0,0.0,0,0.0,0,0,0.0,0.0
Khmun,0,0.0,0,0.0,0,0.0,0,0.0,0,0.0,0,0.0,0,0,0.0,0.0
Iunu,0,0.0,0,0.0,0,0.0,0,0.0,0,0.0,0,0.0,0,0,0.0,0.0
Amarna,0,0.0,0,0.0,0,0.0,0,0.0,0,0.0,0,0.0,0,0,0.0,0.0
Thebae,0,0.0,0,0.0,0,0.0,0,0.0,0,0.0,0,0.0,0,0,0.0,0.0
DesertQueen,0,0.0,0,0.0,0,0.0,0,0.0,0,0.0,0,0.0,0,0,0.0,0.0
Bastet,11,6.790123456790123,4,36.36363636363637,3,33.33333333333333,1,9.090909090909092,0,0.0,2,20.0,0,0,0.0,0.0
Sekhmet,1,0.689655172413793,0,0.0,1,100.0,0,0.0,0,0.0,0,0.0,0,0,0.0,0.0
Hathor,2,1.204819277108433,1,50.0,1,100.0,0,0.0,0,0.0,0,0.0,0,0,0.0,0.0
Isis,0,0.0,0,0.0,0,0.0,0,0.0,0,0.0,0,0.0,0,0,0.0,0.0
Nephthys,4,2.666666666666667,2,50.0,1,50.0,1,25.0,0,0.0,3,75.0,1,0,100.0,0.0
Horus,0,0.0,0,0.0,0,0.0,0,0.0,0,0.0,0,0.0,0,0,0.0,0.0
Qebehsenuef,0,0.0,0,0.0,0,0.0,0,0.0,0,0.0,0,0.0,0,0,0.0,0.0
Duamutef,0,0.0,0,0.0,0,0.0,0,0.0,0,0.0,0,0.0,0,0,0.0,0.0
Imesety,10,7.042253521126761,7,70.0,3,33.33333333333333,1,10.0,0,0.0,3,42.857142857142854,1,0,100.0,0.0
Wedjat,5,3.937007874015748,1,20.0,2,40.0,0,0.0,0,0.0,3,75.0,0,0,0.0,0.0
Amduat,4,2.702702702702702,2,50.0,0,0.0,0,0.0,0,0.0,3,75.0,0,0,0.0,0.0
Jack-o-lantern,0,0.0,0,0.0,0,0.0,0,0.0,0,0.0,0,0.0,0,0,0.0,0.0
Chilling,2,1.5384615384615379,1,50.0,0,0.0,0,0.0,0,0.0,0,0.0,0,0,0.0,0.0
Smokey,0,0.0,0,0.0,0,0.0,0,0.0,0,0.0,0,0.0,0,0,0.0,0.0
Windy,0,0.0,0,0.0,0,0.0,0,0.0,0,0.0,0,0.0,0,0,0.0,0.0
Misty,0,0.0,0,0.0,0,0.0,0,0.0,0,0.0,0,0.0,0,0,0.0,0.0
Dusky,0,0.0,0,0.0,0,0.0,0,0.0,0,0.0,0,0.0,0,0,0.0,0.0
Frankenstein,0,0.0,0,0.0,0,0.0,0,0.0,0,0.0,0,0.0,0,0,0.0,0.0
Tractor,0,0.0,0,0.0,0,0.0,0,0.0,0,0.0,0,0.0,0,0,0.0,0.0
Bulldozer,14,8.9171974522293,8,57.14285714285714,0,0.0,2,14.285714285714285,4,28.57142857142857,1,8.333333333333332,2,2,100.0,50.0
Crane,0,0.0,0,0.0,0,0.0,0,0.0,0,0.0,0,0.0,0,0,0.0,0.0
Driller,0,0.0,0,0.0,0,0.0,0,0.0,0,0.0,0,0.0,0,0,0.0,0.0
Crawler,0,0.0,0,0.0,0,0.0,0,0.0,0,0.0,0,0.0,0,0,0.0,0.0
ElvenRanger,0,0.0,0,0.0,0,0.0,0,0.0,0,0.0,0,0.0,0,0,0.0,0.0
Eluin,0,0.0,0,0.0,0,0.0,0,0.0,0,0.0,0,0.0,0,0,0.0,0.0
Adrian,0,0.0,0,0.0,0,0.0,0,0.0,0,0.0,0,0.0,0,0,0.0,0.0
Erwin,0,0.0,0,0.0,0,0.0,0,0.0,0,0.0,0,0.0,0,0,0.0,0.0
Lucien,0,0.0,0,0.0,0,0.0,0,0.0,0,0.0,0,0.0,0,0,0.0,0.0
Isillen,0,0.0,0,0.0,0,0.0,0,0.0,0,0.0,0,0.0,0,0,0.0,0.0
Harg,0,0.0,0,0.0,0,0.0,0,0.0,0,0.0,0,0.0,0,0,0.0,0.0
Remy,0,0.0,0,0.0,0,0.0,0,0.0,0,0.0,0,0.0,0,0,0.0,0.0
Racuni,8,5.031446540880504,3,37.5,0,0.0,0,0.0,1,12.5,0,0.0,0,0,0.0,0.0
Raviti,0,0.0,0,0.0,0,0.0,0,0.0,0,0.0,0,0.0,0,0,0.0,0.0
Dova,0,0.0,0,0.0,0,0.0,0,0.0,0,0.0,0,0.0,0,0,0.0,0.0
Kroa,0,0.0,0,0.0,0,0.0,0,0.0,0,0.0,0,0.0,0,0,0.0,0.0
FairyKing,0,0.0,0,0.0,0,0.0,0,0.0,0,0.0,0,0.0,0,0,0.0,0.0
Psamathe,9,7.5,7,77.77777777777779,2,25.0,0,0.0,3,33.33333333333333,7,77.77777777777779,0,3,0.0,100.0
Daphnis,20,12.5,11,55.00000000000001,7,41.17647058823529,0,0.0,2,10.0,3,15.789473684210526,0,2,0.0,100.0
Ganymede,9,5.921052631578947,7,77.77777777777779,5,62.5,0,0.0,2,22.22222222222222,0,0.0,0,1,0.0,50.0
Oberon,1,1.298701298701298,0,0.0,0,0.0,0,0.0,1,100.0,0,0.0,0,0,0.0,0.0
Nyx,0,0.0,0,0.0,0,0.0,0,0.0,0,0.0,0,0.0,0,0,0.0,0.0
PandaWarrior,0,0.0,0,0.0,0,0.0,0,0.0,0,0.0,0,0.0,0,0,0.0,0.0
MoLong,11,6.918238993710692,6,54.54545454545454,6,66.66666666666666,2,18.181818181818183,1,9.090909090909092,4,36.36363636363637,0,0,0.0,0.0
XiongFei,0,0.0,0,0.0,0,0.0,0,0.0,0,0.0,0,0.0,0,0,0.0,0.0
FengYan,8,5.369127516778524,4,50.0,2,28.57142857142857,0,0.0,0,0.0,3,75.0,0,0,0.0,0.0
TianLang,6,13.333333333333334,2,33.33333333333333,0,0.0,0,0.0,1,16.666666666666664,4,66.66666666666666,0,1,0.0,100.0
MiYing,0,0.0,0,0.0,0,0.0,0,0.0,0,0.0,0,0.0,0,0,0.0,0.0
DiceMagician,0,0.0,0,0.0,0,0.0,0,0.0,0,0.0,0,0.0,0,0,0.0,0.0
Reno,0,0.0,0,0.0,0,0.0,0,0.0,0,0.0,0,0.0,0,0,0.0,0.0
Ludo,0,0.0,0,0.0,0,0.0,0,0.0,0,0.0,0,0.0,0,0,0.0,0.0
Morris,0,0.0,0,0.0,0,0.0,0,0.0,0,0.0,0,0.0,0,0,0.0,0.0
Tablo,21,12.804878048780488,8,38.095238095238095,11,52.38095238095239,5,23.809523809523807,2,9.523809523809524,7,43.75,0,1,0.0,50.0
Monte,2,1.257861635220126,0,0.0,0,0.0,0,0.0,0,0.0,0,0.0,0,0,0.0,0.0
HarpMagician,0,0.0,0,0.0,0,0.0,0,0.0,0,0.0,0,0.0,0,0,0.0,0.0
Sonnet,0,0.0,0,0.0,0,0.0,0,0.0,0,0.0,0,0.0,0,0,0.0,0.0
Harmonia,3,3.658536585365853,2,66.66666666666666,0,0.0,0,0.0,0,0.0,2,100.0,0,0,0.0,0.0
Triana,79,47.30538922155689,49,62.0253164556962,2,3.5087719298245608,5,6.329113924050633,5,6.329113924050633,15,20.54794520547945,3,5,60.0,100.0
Celia,2,4.081632653061225,1,50.0,0,0.0,0,0.0,0,0.0,0,0.0,0,0,0.0,0.0
Vivachel,0,0.0,0,0.0,0,0.0,0,0.0,0,0.0,0,0.0,0,0,0.0,0.0
Unicorn,0,0.0,0,0.0,0,0.0,0,0.0,0,0.0,0,0.0,0,0,0.0,0.0
Amelia,0,0.0,0,0.0,0,0.0,0,0.0,0,0.0,0,0.0,0,0,0.0,0.0
Helena,0,0.0,0,0.0,0,0.0,0,0.0,0,0.0,0,0.0,0,0,0.0,0.0
Diana,0,0.0,0,0.0,0,0.0,0,0.0,0,0.0,0,0.0,0,0,0.0,0.0
Eleanor,0,0.0,0,0.0,0,0.0,0,0.0,0,0.0,0,0.0,0,0,0.0,0.0
Alexandra,0,0.0,0,0.0,0,0.0,0,0.0,0,0.0,0,0.0,0,0,0.0,0.0
Paladin,0,0.0,0,0.0,0,0.0,0,0.0,0,0.0,0,0.0,0,0,0.0,0.0
Josephine,4,3.149606299212598,1,25.0,3,100.0,0,0.0,1,25.0,0,0.0,0,0,0.0,0.0
Ophilia,0,0.0,0,0.0,0,0.0,0,0.0,0,0.0,0,0.0,0,0,0.0,0.0
Louise,0,0.0,0,0.0,0,0.0,0,0.0,0,0.0,0,0.0,0,0,0.0,0.0
Jeanne,0,0.0,0,0.0,0,0.0,0,0.0,0,0.0,0,0.0,0,0,0.0,0.0
Leona,0,0.0,0,0.0,0,0.0,0,0.0,0,0.0,0,0.0,0,0,0.0,0.0
ChakramDancer,0,0.0,0,0.0,0,0.0,0,0.0,0,0.0,0,0.0,0,0,0.0,0.0
Talia,0,0.0,0,0.0,0,0.0,0,0.0,0,0.0,0,0.0,0,0,0.0,0.0
Shaina,0,0.0,0,0.0,0,0.0,0,0.0,0,0.0,0,0.0,0,0,0.0,0.0
Melissa,0,0.0,0,0.0,0,0.0,0,0.0,0,0.0,0,0.0,0,0,0.0,0.0
Deva,3,2.027027027027027,0,0.0,0,0.0,0,0.0,0,0.0,0,0.0,0,0,0.0,0.0
Belita,0,0.0,0,0.0,0,0.0,0,0.0,0,0.0,0,0.0,0,0,0.0,0.0
BoomerangWarrior,0,0.0,0,0.0,0,0.0,0,0.0,0,0.0,0,0.0,0,0,0.0,0.0
Sabrina,0,0.0,0,0.0,0,0.0,0,0.0,0,0.0,0,0.0,0,0,0.0,0.0
Maruna,0,0.0,0,0.0,0,0.0,0,0.0,0,0.0,0,0.0,0,0,0.0,0.0
Zenobia,0,0.0,0,0.0,0,0.0,0,0.0,0,0.0,0,0.0,0,0,0.0,0.0
Bailey,2,1.8018018018018012,0,0.0,0,0.0,0,0.0,0,0.0,0,0.0,0,0,0.0,0.0
Martina,3,2.027027027027027,0,0.0,0,0.0,0,0.0,0,0.0,1,33.33333333333333,0,0,0.0,0.0
Dryad,0,0.0,0,0.0,0,0.0,0,0.0,0,0.0,0,0.0,0,0,0.0,0.0
Herne,0,0.0,0,0.0,0,0.0,0,0.0,0,0.0,0,0.0,0,0,0.0,0.0
Nisha,0,0.0,0,0.0,0,0.0,0,0.0,0,0.0,0,0.0,0,0,0.0,0.0
Mellia,0,0.0,0,0.0,0,0.0,0,0.0,0,0.0,0,0.0,0,0,0.0,0.0
Felleria,0,0.0,0,0.0,0,0.0,0,0.0,0,0.0,0,0.0,0,0,0.0,0.0
Hyanes,0,0.0,0,0.0,0,0.0,0,0.0,0,0.0,0,0.0,0,0,0.0,0.0
Druid,0,0.0,0,0.0,0,0.0,0,0.0,0,0.0,0,0.0,0,0,0.0,0.0
Abellio,0,0.0,0,0.0,0,0.0,0,0.0,0,0.0,0,0.0,0,0,0.0,0.0
Bellenus,0,0.0,0,0.0,0,0.0,0,0.0,0,0.0,0,0.0,0,0,0.0,0.0
Taranys,0,0.0,0,0.0,0,0.0,0,0.0,0,0.0,0,0.0,0,0,0.0,0.0
Valantis,0,0.0,0,0.0,0,0.0,0,0.0,0,0.0,0,0.0,0,0,0.0,0.0
Pater,0,0.0,0,0.0,0,0.0,0,0.0,0,0.0,0,0.0,0,0,0.0,0.0
GiantWarrior,0,0.0,0,0.0,0,0.0,0,0.0,0,0.0,0,0.0,0,0,0.0,0.0
Bagir,0,0.0,0,0.0,0,0.0,0,0.0,0,0.0,0,0.0,0,0,0.0,0.0
Vidurr,0,0.0,0,0.0,0,0.0,0,0.0,0,0.0,0,0.0,0,0,0.0,0.0
Skogul,0,0.0,0,0.0,0,0.0,0,0.0,0,0.0,0,0.0,0,0,0.0,0.0
Einheri,0,0.0,0,0.0,0,0.0,0,0.0,0,0.0,0,0.0,0,0,0.0,0.0
Trasar,0,0.0,0,0.0,0,0.0,0,0.0,0,0.0,0,0.0,0,0,0.0,0.0
LightningEmperor,0,0.0,0,0.0,0,0.0,0,0.0,0,0.0,0,0.0,0,0,0.0,0.0
Bolverk,3,2.1897810218978098,1,33.33333333333333,0,0.0,0,0.0,0,0.0,1,100.0,0,0,0.0,0.0
Baleygr,0,0.0,0,0.0,0,0.0,0,0.0,0,0.0,0,0.0,0,0,0.0,0.0
Odin,10,6.134969325153374,3,30.0,0,0.0,0,0.0,1,10.0,6,66.66666666666666,0,0,0.0,0.0
Geldnir,0,0.0,0,0.0,0,0.0,0,0.0,0,0.0,0,0.0,0,0,0.0,0.0
Herteit,1,1.639344262295082,0,0.0,0,0.0,0,0.0,0,0.0,0,0.0,0,0,0.0,0.0
SniperMk.I,0,0.0,0,0.0,0,0.0,0,0.0,0,0.0,0,0.0,0,0,0.0,0.0
Covenant,0,0.0,0,0.0,0,0.0,0,0.0,0,0.0,0,0.0,0,0,0.0,0.0
Carcano,0,0.0,0,0.0,0,0.0,0,0.0,0,0.0,0,0.0,0,0,0.0,0.0
Carbine,0,0.0,0,0.0,0,0.0,0,0.0,0,0.0,0,0.0,0,0,0.0,0.0
Magnum,1,3.448275862068965,1,100.0,0,0.0,0,0.0,0,0.0,1,100.0,0,0,0.0,0.0
Dragunov,0,0.0,0,0.0,0,0.0,0,0.0,0,0.0,0,0.0,0,0,0.0,0.0
CannonGirl,0,0.0,0,0.0,0,0.0,0,0.0,0,0.0,0,0.0,0,0,0.0,0.0
Abigail,0,0.0,0,0.0,0,0.0,0,0.0,0,0.0,0,0.0,0,0,0.0,0.0
Scarlett,0,0.0,0,0.0,0,0.0,0,0.0,0,0.0,0,0.0,0,0,0.0,0.0
Christina,0,0.0,0,0.0,0,0.0,0,0.0,0,0.0,0,0.0,0,0,0.0,0.0
Emily,0,0.0,0,0.0,0,0.0,0,0.0,0,0.0,0,0.0,0,0,0.0,0.0
Bella,0,0.0,0,0.0,0,0.0,0,0.0,0,0.0,0,0.0,0,0,0.0,0.0
VampireLord,0,0.0,0,0.0,0,0.0,0,0.0,0,0.0,0,0.0,0,0,0.0,0.0
Eirgar,0,0.0,0,0.0,0,0.0,0,0.0,0,0.0,0,0.0,0,0,0.0,0.0
Demon,0,0.0,0,0.0,0,0.0,0,0.0,0,0.0,0,0.0,0,0,0.0,0.0
Belial,0,0.0,0,0.0,0,0.0,0,0.0,0,0.0,0,0.0,0,0,0.0,0.0
Bael,0,0.0,0,0.0,0,0.0,0,0.0,0,0.0,0,0.0,0,0,0.0,0.0
Mephisto,0,0.0,0,0.0,0,0.0,0,0.0,0,0.0,0,0.0,0,0,0.0,0.0
Lucifer,0,0.0,0,0.0,0,0.0,0,0.0,0,0.0,0,0.0,0,0,0.0,0.0
Beelzebub,0,0.0,0,0.0,0,0.0,0,0.0,0,0.0,0,0.0,0,0,0.0,0.0
Gargoyle,0,0.0,0,0.0,0,0.0,0,0.0,0,0.0,0,0.0,0,0,0.0,0.0
Tanzaite,0,0.0,0,0.0,0,0.0,0,0.0,0,0.0,0,0.0,0,0,0.0,0.0
Kunite,0,0.0,0,0.0,0,0.0,0,0.0,0,0.0,0,0.0,0,0,0.0,0.0
Malite,0,0.0,0,0.0,0,0.0,0,0.0,0,0.0,0,0.0,0,0,0.0,0.0
Pheneka,0,0.0,0,0.0,0,0.0,0,0.0,0,0.0,0,0.0,0,0,0.0,0.0
Onyx,0,0.0,0,0.0,0,0.0,0,0.0,0,0.0,0,0.0,0,0,0.0,0.0
BeastRider,0,0.0,0,0.0,0,0.0,0,0.0,0,0.0,0,0.0,0,0,0.0,0.0
Barbara,0,0.0,0,0.0,0,0.0,0,0.0,0,0.0,0,0.0,0,0,0.0,0.0
Masha,0,0.0,0,0.0,0,0.0,0,0.0,0,0.0,0,0.0,0,0,0.0,0.0
Savannah,0,0.0,0,0.0,0,0.0,0,0.0,0,0.0,0,0.0,0,0,0.0,0.0
Narsha,0,0.0,0,0.0,0,0.0,0,0.0,0,0.0,0,0.0,0,0,0.0,0.0
Xiana,0,0.0,0,0.0,0,0.0,0,0.0,0,0.0,0,0.0,0,0,0.0,0.0
ArtMaster,0,0.0,0,0.0,0,0.0,0,0.0,0,0.0,0,0.0,0,0,0.0,0.0
Haegang,0,0.0,0,0.0,0,0.0,0,0.0,0,0.0,0,0.0,0,0,0.0,0.0
Jeogun,0,0.0,0,0.0,0,0.0,0,0.0,0,0.0,0,0.0,0,0,0.0,0.0
Cheongpung,24,14.457831325301203,16,66.66666666666666,5,20.833333333333336,0,0.0,1,4.166666666666666,7,30.434782608695656,0,1,0.0,100.0
Hanwul,0,0.0,0,0.0,0,0.0,0,0.0,0,0.0,0,0.0,0,0,0.0,0.0
Mookwol,0,0.0,0,0.0,0,0.0,0,0.0,0,0.0,0,0.0,0,0,0.0,0.0
StringMaster,0,0.0,0,0.0,0,0.0,0,0.0,0,0.0,0,0.0,0,0,0.0,0.0
Songseol,0,0.0,0,0.0,0,0.0,0,0.0,0,0.0,0,0.0,0,0,0.0,0.0
Hongyeon,0,0.0,0,0.0,0,0.0,0,0.0,0,0.0,0,0.0,0,0,0.0,0.0
Yeonhwa,0,0.0,0,0.0,0,0.0,0,0.0,0,0.0,0,0.0,0,0,0.0,0.0
Dongbaek,0,0.0,0,0.0,0,0.0,0,0.0,0,0.0,0,0.0,0,0,0.0,0.0
Mirinae,0,0.0,0,0.0,0,0.0,0,0.0,0,0.0,0,0.0,0,0,0.0,0.0
RYU,0,0.0,0,0.0,0,0.0,0,0.0,0,0.0,0,0.0,0,0,0.0,0.0
KEN,0,0.0,0,0.0,0,0.0,0,0.0,0,0.0,0,0.0,0,0,0.0,0.0
M.BISON,0,0.0,0,0.0,0,0.0,0,0.0,0,0.0,0,0.0,0,0,0.0,0.0
DHALSIM,0,0.0,0,0.0,0,0.0,0,0.0,0,0.0,0,0.0,0,0,0.0,0.0
CHUN-LI,0,0.0,0,0.0,0,0.0,0,0.0,0,0.0,0,0.0,0,0,0.0,0.0
Striker,0,0.0,0,0.0,0,0.0,0,0.0,0,0.0,0,0.0,0,0,0.0,0.0
Moore,0,0.0,0,0.0,0,0.0,0,0.0,0,0.0,0,0.0,0,0,0.0,0.0
Douglas,0,0.0,0,0.0,0,0.0,0,0.0,0,0.0,0,0.0,0,0,0.0,0.0
Kashmir,0,0.0,0,0.0,0,0.0,0,0.0,0,0.0,0,0.0,0,0,0.0,0.0
Talisman,0,0.0,0,0.0,0,0.0,0,0.0,0,0.0,0,0.0,0,0,0.0,0.0
Vancliffe,0,0.0,0,0.0,0,0.0,0,0.0,0,0.0,0,0.0,0,0,0.0,0.0
ShadowClaw,0,0.0,0,0.0,0,0.0,0,0.0,0,0.0,0,0.0,0,0,0.0,0.0
Bernadotte,0,0.0,0,0.0,0,0.0,0,0.0,0,0.0,0,0.0,0,0,0.0,0.0
Slayer,0,0.0,0,0.0,0,0.0,0,0.0,0,0.0,0,0.0,0,0,0.0,0.0
Borgnine,0,0.0,0,0.0,0,0.0,0,0.0,0,0.0,0,0.0,0,0,0.0,0.0
Karnal,0,0.0,0,0.0,0,0.0,0,0.0,0,0.0,0,0.0,0,0,0.0,0.0
Sagar,0,0.0,0,0.0,0,0.0,0,0.0,0,0.0,0,0.0,0,0,0.0,0.0
Craig,0,0.0,0,0.0,0,0.0,0,0.0,0,0.0,0,0.0,0,0,0.0,0.0
Gurkha,0,0.0,0,0.0,0,0.0,0,0.0,0,0.0,0,0.0,0,0,0.0,0.0
PoisonMaster,0,0.0,0,0.0,0,0.0,0,0.0,0,0.0,0,0.0,0,0,0.0,0.0
Kyle,0,0.0,0,0.0,0,0.0,0,0.0,0,0.0,0,0.0,0,0,0.0,0.0
Todd,0,0.0,0,0.0,0,0.0,0,0.0,0,0.0,0,0.0,0,0,0.0,0.0
Jarrett,0,0.0,0,0.0,0,0.0,0,0.0,0,0.0,0,0.0,0,0,0.0,0.0
Hekerson,0,0.0,0,0.0,0,0.0,0,0.0,0,0.0,0,0.0,0,0,0.0,0.0
Cayde,0,0.0,0,0.0,0,0.0,0,0.0,0,0.0,0,0.0,0,0,0.0,0.0
BladeDancer,0,0.0,0,0.0,0,0.0,0,0.0,0,0.0,0,0.0,0,0,0.0,0.0
Lariel,0,0.0,0,0.0,0,0.0,0,0.0,0,0.0,0,0.0,0,0,0.0,0.0
Berenice,0,0.0,0,0.0,0,0.0,0,0.0,0,0.0,0,0.0,0,0,0.0,0.0
Cordelia,0,0.0,0,0.0,0,0.0,0,0.0,0,0.0,0,0.0,0,0,0.0,0.0
Leah,0,0.0,0,0.0,0,0.0,0,0.0,0,0.0,0,0.0,0,0,0.0,0.0
Vereesa,0,0.0,0,0.0,0,0.0,0,0.0,0,0.0,0,0.0,0,0,0.0,0.0
Devilmon,0,0.0,0,0.0,0,0.0,0,0.0,0,0.0,0,0.0,0,0,0.0,0.0
Rainbowmon,0,0.0,0,0.0,0,0.0,0,0.0,0,0.0,0,0.0,0,0,0.0,0.0
Homunculus-Attack(Water),0,0.0,0,0.0,0,0.0,0,0.0,0,0.0,0,0.0,0,0,0.0,0.0
Homunculus-Attack(Fire),0,0.0,0,0.0,0,0.0,0,0.0,0,0.0,0,0.0,0,0,0.0,0.0
Homunculus-Attack(Wind),0,0.0,0,0.0,0,0.0,0,0.0,0,0.0,0,0.0,0,0,0.0,0.0
Homunculus-Support(Light),0,0.0,0,0.0,0,0.0,0,0.0,0,0.0,0,0.0,0,0,0.0,0.0
Homunculus-Support(Dark),0,0.0,0,0.0,0,0.0,0,0.0,0,0.0,0,0.0,0,0,0.0,0.0
